distrito,monto
Surco,1040.3555150214593
Rimac,1038.4341700404857
Miraflores,1030.0447161572051
Jesus Maria,1015.5054509018036
San Miguel,986.5077687626775
San Isidro,981.1001764705883
